date,title,body,media,source,type
5/2/2014,Using a CSV,"Tik Tok has the ability to use CSV, comma (or any other) separated values, file.  You can check look at the <a href='./example.csv'>CSV file</a> for this example directly.",,,
7/29/2014,Separate file,"CSV's are separate files from the page so we need a way to get their data on the page for Tik Tok to use.   In this example, we are using <a href='https://jquery.com/' target='_blank'>jQuery</a> to do that.",,,
9/20/2014,CSV options,"As your CSV could actually have any delimiter such as a pipe (|), there are a couple options to handle this. <code>csvDelimiter</code> will change which character separates a field; the default is a comma (,).  And <code>csvQuote</code> which tells Tik Tok which character wraps a field; the default is the double quote ("").",,,
10/8/2014,Some more content,<p>This is an example of some more content from the CSV.</p><p>As well as some media included.</p>,https://placekitten.com/1210/400,More PlaceKitten images,
10/18/2015,tweet1,<p>This is an example of some more content from the CSV.</p><p>As well as some media included.</p>,https://twitter.com/CuteEmergency/status/990764040837312512,,embed
11/19/2015,tweet2,<p>This is an example of some more content from the CSV.</p><p>As well as some media included.</p>,"https://twitter.com/amiham_singh/status/989927676088434688?ref_src=twsrc%5Etfw
",,embed
12/20/2015,tweet3,"h1>Hey, what kinda party is this? There's no booze and only one hooker.</h1>
<p>Yeah. Give a little credit to our public schools. Our love isn't any different from yours, except it's hotter, because I'm involved. WINDMILLS DO NOT WORK THAT WAY! GOOD NIGHT! If rubbin' frozen dirt in your crotch is wrong, hey I don't wanna be right.</p>
<p>What are you hacking off? Is it my torso?! 'It is! ' My precious torso! <strong> You know, I was God once.</strong> <em> You are the last hope of the universe.</em> Leela, Bender, we're going grave robbing.</p>
<h2>Oh sure! Blame the wizards!</h2>
<p>I usually try to keep my sadness pent up inside where it can fester quietly as a mental illness. Goodbye, friends. I never thought I'd die like this. But I always really hoped. Kids don't turn rotten just from watching TV.</p>","The landmarked Bradley Park Hotel — a fixture on Palm Beach’s Sunset Avenue since the boom years of the 1920s — has been sold for $15.375 million <a href=""https://t.co/TX4BfXSkUL"">https://t.co/TX4BfXSkUL</a> <a href=""https://t.co/d9nWmXwDGP"">pic.twitter.com/d9nWmXwDGP</a></p>&mdash; The Palm Beach Post (@pbpost) <a href=""https://twitter.com/pbpost/status/991041168510251008?ref_src=twsrc%5Etfw"">April 30, 2018</a></blockquote>
<script async src=""https://platform.twitter.com/widgets.js"" charset=""utf-8""></script>
",,
